{"cameraMode":{"drawMode":0,"name":"Shaded","section":"Shading Mode"},"sceneLighting":true,"audioPlay":false,"sceneViewState":{"showFog":true,"showMaterialUpdate":false,"showSkybox":true,"showFlares":true,"showImageEffects":true,"showParticleSystems":true},"in2DMode":false,"pivot":{"x":3.376378059387207,"y":2.4697842597961427,"z":6.695627212524414},"rotation":{"x":-0.10194337368011475,"y":0.6354938745498657,"z":-0.08514104038476944,"w":-0.7606348395347595},"size":4.155085563659668,"orthographic":true}