{"cameraMode":{"drawMode":0,"name":"Shaded","section":"Shading Mode"},"sceneLighting":true,"audioPlay":false,"sceneViewState":{"showFog":true,"showMaterialUpdate":false,"showSkybox":true,"showFlares":true,"showImageEffects":true,"showParticleSystems":true},"in2DMode":false,"pivot":{"x":306.98309326171877,"y":97.93991088867188,"z":93.76387023925781},"rotation":{"x":-0.038592178374528888,"y":-0.07487571239471436,"z":0.002916670637205243,"w":-0.9964709281921387},"size":142.23390197753907,"orthographic":true}