{"cameraMode":{"drawMode":0,"name":"Shaded","section":"Shading Mode"},"sceneLighting":true,"audioPlay":false,"sceneViewState":{"showFog":true,"showMaterialUpdate":false,"showSkybox":true,"showFlares":true,"showImageEffects":true,"showParticleSystems":true},"in2DMode":false,"pivot":{"x":251.21322631835938,"y":172.99436950683595,"z":-16.82166290283203},"rotation":{"x":-0.016182979568839074,"y":0.05995805561542511,"z":-0.000946278974879533,"w":-0.9980989694595337},"size":204.24949645996095,"orthographic":true}